{"cameraMode":{"drawMode":0,"name":"Shaded","section":"Shading Mode"},"sceneLighting":true,"audioPlay":false,"sceneViewState":{"showFog":true,"showMaterialUpdate":false,"showSkybox":true,"showFlares":true,"showImageEffects":true,"showParticleSystems":true},"in2DMode":false,"pivot":{"x":1.0674872398376465,"y":-0.029354020953178407,"z":0.2981473207473755},"rotation":{"x":0.12138982862234116,"y":-0.44770193099975588,"z":0.06149301677942276,"w":0.8837729692459106},"size":4.54774808883667,"orthographic":true}